{
  "ents_f": 89.4073281354,
  "ents_p": 89.5469671914,
  "ents_per_type": {
    "LOC": {
      "f": 89.919487348,
      "p": 89.3907219863,
      "r": 90.4545454545
    },
    "MISC": {
      "f": 81.4523734675,
      "p": 84.3561777633,
      "r": 78.7418325482
    },
    "ORG": {
      "f": 82.3529411765,
      "p": 83.6992840095,
      "r": 81.0492257915
    },
    "PER": {
      "f": 94.2453700419,
      "p": 93.7994350282,
      "r": 94.6955653786
    }
  },
  "ents_r": 89.2681239061,
  "las": 87.4335396147,
  "las_per_type": {
    "acl": {
      "f": 73.679154659,
      "p": 74.3217054264,
      "r": 73.0476190476
    },
    "advcl": {
      "f": 61.8483412322,
      "p": 59.5210946408,
      "r": 64.3649815043
    },
    "advmod": {
      "f": 84.2046093311,
      "p": 85.0170261067,
      "r": 83.4075723831
    },
    "amod": {
      "f": 89.926547744,
      "p": 90.3373155306,
      "r": 89.5194986072
    },
    "appos": {
      "f": 66.6215301286,
      "p": 64.7368421053,
      "r": 68.6192468619
    },
    "aux": {
      "f": 95.577746077,
      "p": 95.8512160229,
      "r": 95.3058321479
    },
    "aux:pass": {
      "f": 0.0,
      "p": 0.0,
      "r": 0.0
    },
    "case": {
      "f": 96.2776796631,
      "p": 96.1340206186,
      "r": 96.4217687075
    },
    "cc": {
      "f": 91.7897629681,
      "p": 92.0110192837,
      "r": 91.5695681974
    },
    "ccomp": {
      "f": 82.9944547135,
      "p": 81.9343065693,
      "r": 84.0823970037
    },
    "compound": {
      "f": 79.9116997792,
      "p": 89.1625615764,
      "r": 72.4
    },
    "conj": {
      "f": 69.8186528497,
      "p": 70.8744247206,
      "r": 68.7938736439
    },
    "cop": {
      "f": 88.9125799574,
      "p": 88.3474576271,
      "r": 89.4849785408
    },
    "csubj": {
      "f": 72.9281767956,
      "p": 76.7441860465,
      "r": 69.4736842105
    },
    "dep": {
      "f": 25.0,
      "p": 28.5714285714,
      "r": 22.2222222222
    },
    "det": {
      "f": 97.4646687025,
      "p": 97.1817023085,
      "r": 97.7492877493
    },
    "expl:pass": {
      "f": 27.1186440678,
      "p": 57.1428571429,
      "r": 17.7777777778
    },
    "fixed": {
      "f": 84.8208469055,
      "p": 86.9158878505,
      "r": 82.8244274809
    },
    "flat": {
      "f": 90.8345752608,
      "p": 90.1627218935,
      "r": 91.5165165165
    },
    "iobj": {
      "f": 59.4405594406,
      "p": 80.1886792453,
      "r": 47.2222222222
    },
    "mark": {
      "f": 90.336473755,
      "p": 89.5888948211,
      "r": 91.0966340934
    },
    "nmod": {
      "f": 82.2281167109,
      "p": 82.3810789264,
      "r": 82.0757214721
    },
    "nsubj": {
      "f": 87.8545454545,
      "p": 87.3463485177,
      "r": 88.3686905633
    },
    "nsubj:pass": {
      "f": 0.0,
      "p": 0.0,
      "r": 0.0
    },
    "nummod": {
      "f": 89.1843971631,
      "p": 89.6613190731,
      "r": 88.7125220459
    },
    "obj": {
      "f": 83.392933772,
      "p": 82.135812905,
      "r": 84.6891342243
    },
    "obl": {
      "f": 72.3587753342,
      "p": 72.3275862069,
      "r": 72.3899913719
    },
    "orphan": {
      "f": 0.0,
      "p": 0.0,
      "r": 0.0
    },
    "parataxis": {
      "f": 46.2686567164,
      "p": 63.2653061224,
      "r": 36.4705882353
    },
    "root": {
      "f": 92.2522522523,
      "p": 91.646778043,
      "r": 92.8657799274
    },
    "xcomp": {
      "f": 78.8189987163,
      "p": 82.5268817204,
      "r": 75.42997543
    }
  },
  "tags_acc": 97.1840573735,
  "token_acc": 99.8946218842,
  "uas": 90.7609169354
}